{
  "config": {
    "total_requests": 100,
    "concurrent_requests": 10,
    "clear_cache_first": true
  },
  "summary": {
    "total_time": 1.2921168804168701,
    "successful": 89,
    "failed": 11,
    "cache_hits": 0,
    "throughput_rps": 77.39237952509174
  },
  "response_times": {
    "all": [
      41.400909423828125,
      39.92104530334473,
      39.26992416381836,
      41.72706604003906,
      40.02499580383301,
      40.88783264160156,
      39.86978530883789,
      40.73286056518555,
      32.483816146850586,
      39.385080337524414,
      25.217056274414062,
      33.11419486999512,
      31.204938888549805,
      32.15980529785156,
      30.73906898498535,
      30.500173568725586,
      30.346155166625977,
      30.136823654174805,
      29.664039611816406,
      29.074907302856445,
      29.8159122467041,
      35.395145416259766,
      34.467220306396484,
      35.01296043395996,
      30.20310401916504,
      36.502838134765625,
      31.548023223876953,
      34.37066078186035,
      29.75177764892578,
      33.86092185974121,
      31.187772750854492,
      34.90090370178223,
      34.55686569213867,
      35.09998321533203,
      31.145811080932617,
      35.475969314575195,
      31.733036041259766,
      34.28220748901367,
      34.13796424865723,
      32.79685974121094,
      43.337106704711914,
      52.4289608001709,
      50.7969856262207,
      52.50906944274902,
      49.99709129333496,
      51.828861236572266,
      50.02593994140625,
      49.86715316772461,
      52.063941955566406,
      49.54195022583008,
      31.24094009399414,
      38.57612609863281,
      40.90476036071777,
      40.63892364501953,
      38.28096389770508,
      37.91403770446777,
      38.115739822387695,
      38.10310363769531,
      41.25690460205078,
      40.26913642883301,
      28.210878372192383,
      35.22300720214844,
      34.986019134521484,
      35.393714904785156,
      32.08518028259277,
      33.82396697998047,
      31.070232391357422,
      31.459808349609375,
      34.097909927368164,
      30.688047409057617,
      33.14495086669922,
      41.35704040527344,
      35.36796569824219,
      34.15489196777344,
      36.02886199951172,
      38.7880802154541,
      34.48987007141113,
      39.84570503234863,
      37.96815872192383,
      37.622928619384766,
      30.061960220336914,
      39.84379768371582,
      39.28780555725098,
      39.97492790222168,
      39.00480270385742,
      37.92572021484375,
      39.04986381530762,
      38.73419761657715,
      34.964799880981445
    ],
    "cold": [
      41.400909423828125,
      39.92104530334473,
      39.26992416381836,
      41.72706604003906,
      40.02499580383301,
      40.88783264160156,
      39.86978530883789,
      40.73286056518555,
      32.483816146850586,
      39.385080337524414,
      25.217056274414062,
      33.11419486999512,
      31.204938888549805,
      32.15980529785156,
      30.73906898498535,
      30.500173568725586,
      30.346155166625977,
      30.136823654174805,
      29.664039611816406,
      29.074907302856445,
      29.8159122467041,
      35.395145416259766,
      34.467220306396484,
      35.01296043395996,
      30.20310401916504,
      36.502838134765625,
      31.548023223876953,
      34.37066078186035,
      29.75177764892578,
      33.86092185974121,
      31.187772750854492,
      34.90090370178223,
      34.55686569213867,
      35.09998321533203,
      31.145811080932617,
      35.475969314575195,
      31.733036041259766,
      34.28220748901367,
      34.13796424865723,
      32.79685974121094,
      43.337106704711914,
      52.4289608001709,
      50.7969856262207,
      52.50906944274902,
      49.99709129333496,
      51.828861236572266,
      50.02593994140625,
      49.86715316772461,
      52.063941955566406,
      49.54195022583008,
      31.24094009399414,
      38.57612609863281,
      40.90476036071777,
      40.63892364501953,
      38.28096389770508,
      37.91403770446777,
      38.115739822387695,
      38.10310363769531,
      41.25690460205078,
      40.26913642883301,
      28.210878372192383,
      35.22300720214844,
      34.986019134521484,
      35.393714904785156,
      32.08518028259277,
      33.82396697998047,
      31.070232391357422,
      31.459808349609375,
      34.097909927368164,
      30.688047409057617,
      33.14495086669922,
      41.35704040527344,
      35.36796569824219,
      34.15489196777344,
      36.02886199951172,
      38.7880802154541,
      34.48987007141113,
      39.84570503234863,
      37.96815872192383,
      37.622928619384766,
      30.061960220336914,
      39.84379768371582,
      39.28780555725098,
      39.97492790222168,
      39.00480270385742,
      37.92572021484375,
      39.04986381530762,
      38.73419761657715,
      34.964799880981445
    ],
    "warm": []
  },
  "cache_stats": {
    "initial": {},
    "final": {}
  },
  "errors": [
    {
      "success": false,
      "response_time": 14.696836471557617,
      "error": "HTTP 429",
      "cached": false
    },
    {
      "success": false,
      "response_time": 4.379987716674805,
      "error": "HTTP 429",
      "cached": false
    },
    {
      "success": false,
      "response_time": 4.400968551635742,
      "error": "HTTP 429",
      "cached": false
    },
    {
      "success": false,
      "response_time": 4.703044891357422,
      "error": "HTTP 429",
      "cached": false
    },
    {
      "success": false,
      "response_time": 5.182027816772461,
      "error": "HTTP 429",
      "cached": false
    },
    {
      "success": false,
      "response_time": 5.674839019775391,
      "error": "HTTP 429",
      "cached": false
    },
    {
      "success": false,
      "response_time": 5.8460235595703125,
      "error": "HTTP 429",
      "cached": false
    },
    {
      "success": false,
      "response_time": 6.087064743041992,
      "error": "HTTP 429",
      "cached": false
    },
    {
      "success": false,
      "response_time": 6.279945373535156,
      "error": "HTTP 429",
      "cached": false
    },
    {
      "success": false,
      "response_time": 6.487131118774414,
      "error": "HTTP 429",
      "cached": false
    },
    {
      "success": false,
      "response_time": 6.679058074951172,
      "error": "HTTP 429",
      "cached": false
    }
  ]
}